model,val_mae,val_rmse,test_mae,test_rmse
tree_reg,2820.823826995025,6013.051695081041,3005.019678706468,6517.739977150965
lin_reg,4261.040884974421,5858.81302604947,4309.843639521937,6155.425917341024
