model,val_accuracy,val_f1,val_roc_auc,test_accuracy,test_f1,test_roc_auc
logreg,0.9203980099502488,0.9157894736842105,0.9548120898787036,0.9203980099502488,0.9166666666666666,0.962202380952381
tree_clf,0.8955223880597015,0.8923076923076924,0.8969974149930403,0.8905472636815921,0.8888888888888888,0.8916666666666666
